Qubit,Frequency (GHz),T1 (µs),T2 (µs),Readout assignment error,√x (sx) error,CNOT error
,4.971846849543516,76.66170475473318,118.06130326579026,2.3499999999999965e-2,0.0002735177999348187,
