Qubit,Frequency (GHz),T1 (µs),T2 (µs),Readout error,Sqrt-x (sx) error,CNOT error
,4.974462023322947,176.22234714424923,175.3337952301949,3.195e-1,0.0006593462013061049,
