Qubit,Frequency (GHz),T1 (µs),T2 (µs),Readout assignment error,√x (sx) error,CNOT error
,4.971860821330438,119.25998345174878,146.26951852162017,2.2199999999999998e-2,0.0001630827710605693,
