Qubit,T1 (µs),T2 (µs),Frequency (GHz),Readout error,Single-qubit U3 error rate,CNOT error rate
Q0,117.5486063824587,12.732041894855987,4.795923771708457,7.199999999999995e-2,9.440643187392919e-4,"cx0_1: 9.099e-3"
Q1,92.08520308081096,115.05153278744244,4.940046551964976,9.000000000000008e-3,1.1371202207516994e-3,"cx1_0: 9.099e-3, cx1_2: 9.551e-3, cx1_3: 1.303e-2"
Q2,75.7804134017027,89.99048546739782,4.833256279936052,1.3000000000000012e-2,1.441765191121982e-3,"cx2_1: 9.551e-3"
Q3,121.76576617942878,99.3189234656814,4.807990960082842,1.7000000000000015e-2,1.132024386853076e-3,"cx3_1: 1.303e-2, cx3_4: 1.011e-2"
Q4,88.25091550675478,45.58962567037192,4.749893282956516,1.7000000000000015e-2,1.3878579813835115e-3,"cx4_3: 1.011e-2"
