Qubit,Frequency (GHz),T1 (µs),T2 (µs),Readout error,Sqrt-x (sx) error,CNOT error
,4.971841462147329,151.74185579289357,247.30193747466336,3.810000000000002e-2,0.0002723275694421903,
