Qubit,Frequency (GHz),T1 (µs),T2 (µs),Readout error,Sqrt-x (sx) error,CNOT error
,4.974451522825357,194.90122709942895,190.67980068034416,6.2100000000000044e-2,0.00064498444793259,
