Qubit,Frequency (GHz),T1 (µs),T2 (µs),Readout assignment error,√x (sx) error,CNOT error
,4.971859612363571,156.5871355514686,232.11552984752828,2.7200000000000002e-2,0.0002246125427808234,
