Qubit,Frequency (GHz),T1 (µs),T2 (µs),Readout error,Sqrt-x (sx) error,CNOT error
,4.974467480567585,176.56959356210297,179.00940532490765,1.7859999999999998e-1,0.0007613455953558242,
