Qubit,Frequency (GHz),T1 (µs),T2 (µs),Readout error,Sqrt-x (sx) error,CNOT error
,4.974448801633061,165.59084210236122,156.25616847805327,6.469999999999998e-2,0.0004259684846307087,
